INSERT INTO `kat_menu` (`kode`, `nama`, `gbr`) VALUES(1, 'Hot Drink', 'img/hot%20drink.png');
INSERT INTO `kat_menu` (`kode`, `nama`, `gbr`) VALUES(2, 'Soft Drink', 'img/soft%20drink.png');
INSERT INTO `kat_menu` (`kode`, `nama`, `gbr`) VALUES(3, 'Juice', 'img/juice.png');
INSERT INTO `kat_menu` (`kode`, `nama`, `gbr`) VALUES(4, 'Paket', 'img/paket.png');
INSERT INTO `kat_menu` (`kode`, `nama`, `gbr`) VALUES(5, 'Sayur', 'img/sayur.png');
INSERT INTO `kat_menu` (`kode`, `nama`, `gbr`) VALUES(6, 'Seafood', 'img/seafood.png');

INSERT INTO `menu` (`kode`, `kat`, `harga`, `gbr`, `nama`, `satuan`) VALUES('MKN001', 4, '21000', 'img/Makanan/Menu%20Paket/ayambakar.jpg', 'Ayam Bakar', 'porsi');
INSERT INTO `menu` (`kode`, `kat`, `harga`, `gbr`, `nama`, `satuan`) VALUES('MKN002', 4, '27000', 'img/Makanan/Menu%20Paket/ayamgorenglombokijo.jpg', 'Ayam Goreng Lombok Ijo', 'porsi');
INSERT INTO `menu` (`kode`, `kat`, `harga`, `gbr`, `nama`, `satuan`) VALUES('MKN003', 4, '21000', 'img/Makanan/Menu%20Paket/ayamgoreng.jpg', 'Ayam Goreng', 'porsi');
INSERT INTO `menu` (`kode`, `kat`, `harga`, `gbr`, `nama`, `satuan`) VALUES('MKN004', 4, '22000', 'img/Makanan/Menu%20Paket/ayamkecap.jpg', 'Ayam Kecap', 'porsi');
INSERT INTO `menu` (`kode`, `kat`, `harga`, `gbr`, `nama`, `satuan`) VALUES('MKN005', 4, '29000', 'img/Makanan/Menu%20Paket/bebekgoreng.jpg', 'Bebek Goreng', 'porsi');
INSERT INTO `menu` (`kode`, `kat`, `harga`, `gbr`, `nama`, `satuan`) VALUES('MKN006', 4, '25000', 'img/Makanan/Menu%20Paket/capcayseafood.jpg', 'Capcay Seafood', 'porsi');
INSERT INTO `menu` (`kode`, `kat`, `harga`, `gbr`, `nama`, `satuan`) VALUES('MKN007', 4, '38000', 'img/Makanan/Menu%20Paket/empalsapigepuk.jpg', 'Empal Sapi Gepuk', 'porsi');
INSERT INTO `menu` (`kode`, `kat`, `harga`, `gbr`, `nama`, `satuan`) VALUES('MKN008', 4, '45000', 'img/Makanan/Menu%20Paket/guramibakar.jpg', 'Gurami Bakar', 'porsi');
INSERT INTO `menu` (`kode`, `kat`, `harga`, `gbr`, `nama`, `satuan`) VALUES('MKN009', 4, '35000', 'img/Makanan/Menu%20Paket/igabakar.jpg', 'Iga Bakar', 'porsi');
INSERT INTO `menu` (`kode`, `kat`, `harga`, `gbr`, `nama`, `satuan`) VALUES('MKN010', 4, '18000', 'img/Makanan/Menu%20Paket/miegoreng.jpg', 'Mie Goreng', 'porsi');
INSERT INTO `menu` (`kode`, `kat`, `harga`, `gbr`, `nama`, `satuan`) VALUES('MKN011', 4, '29000', 'img/Makanan/Menu%20Paket/nilabakar.jpg', 'Nila Bakar', 'porsi');
INSERT INTO `menu` (`kode`, `kat`, `harga`, `gbr`, `nama`, `satuan`) VALUES('MKN012', 4, '23000', 'img/Makanan/Menu%20Paket/osengkikillombokijo.jpg', 'Oseng Kikil Lombok Ijo', 'porsi');
INSERT INTO `menu` (`kode`, `kat`, `harga`, `gbr`, `nama`, `satuan`) VALUES('MKN013', 4, '20000', 'img/Makanan/Menu%20Paket/pecellele.jpg', 'Pecel Lele', 'porsi');
INSERT INTO `menu` (`kode`, `kat`, `harga`, `gbr`, `nama`, `satuan`) VALUES('MKN014', 4, '22000', 'img/Makanan/Menu%20Paket/supayam.jpg', 'Sup Ayam', 'porsi');
INSERT INTO `menu` (`kode`, `kat`, `harga`, `gbr`, `nama`, `satuan`) VALUES('MKN015', 4, '35000', 'img/Makanan/Menu%20Paket/supiga.jpg', 'Sup Iga', 'porsi');
INSERT INTO `menu` (`kode`, `kat`, `harga`, `gbr`, `nama`, `satuan`) VALUES('MKN016', 4, '9000', 'img/Makanan/Menu%20Paket/tahutempepenyet.jpg', 'Tahu Tempe Penyet', 'porsi');
INSERT INTO `menu` (`kode`, `kat`, `harga`, `gbr`, `nama`, `satuan`) VALUES('MKN017', 4, '22000', 'img/Makanan/Menu%20Paket/tongsengayam.jpg', 'Tongseng Ayam', 'porsi');
INSERT INTO `menu` (`kode`, `kat`, `harga`, `gbr`, `nama`, `satuan`) VALUES('MKN018', 5, '21000', 'img/Makanan/Menu%20Sayur/baladopete.jpg', 'Balado Pete', 'porsi');
INSERT INTO `menu` (`kode`, `kat`, `harga`, `gbr`, `nama`, `satuan`) VALUES('MKN019', 5, '16000', 'img/Makanan/Menu%20Sayur/baladoterong.jpg', 'Balado Terong', 'porsi');
INSERT INTO `menu` (`kode`, `kat`, `harga`, `gbr`, `nama`, `satuan`) VALUES('MKN020', 5, '16000', 'img/Makanan/Menu%20Sayur/cahkangkung.jpg', 'Cah Kangkung', 'porsi');
INSERT INTO `menu` (`kode`, `kat`, `harga`, `gbr`, `nama`, `satuan`) VALUES('MKN021', 5, '16000', 'img/Makanan/Menu%20Sayur/cahtauge.jpg', 'Cah Tauge', 'porsi');
INSERT INTO `menu` (`kode`, `kat`, `harga`, `gbr`, `nama`, `satuan`) VALUES('MKN022', 5, '18000', 'img/Makanan/Menu%20Sayur/capcaybiasa.jpg', 'Capcay Biasa', 'porsi');
INSERT INTO `menu` (`kode`, `kat`, `harga`, `gbr`, `nama`, `satuan`) VALUES('MKN023', 6, '28000', 'img/Makanan/Seafood/baladocumiudang.jpg', 'Balado Cumi/Udang', 'porsi');
INSERT INTO `menu` (`kode`, `kat`, `harga`, `gbr`, `nama`, `satuan`) VALUES('MKN024', 6, '28000', 'img/Makanan/Seafood/cumigorengtepung.jpg', 'Cumi Goreng Tepung', 'porsi');
INSERT INTO `menu` (`kode`, `kat`, `harga`, `gbr`, `nama`, `satuan`) VALUES('MKN025', 6, '50000', 'img/Makanan/Seafood/guramiasammanis.jpg', 'Gurami Asam Manis', 'porsi');
INSERT INTO `menu` (`kode`, `kat`, `harga`, `gbr`, `nama`, `satuan`) VALUES('MKN026', 6, '26000', 'img/Makanan/Seafood/nasigorengseafood.jpg', 'Nasi Goreng Seafood', 'porsi');
INSERT INTO `menu` (`kode`, `kat`, `harga`, `gbr`, `nama`, `satuan`) VALUES('MKN027', 6, '32000', 'img/Makanan/Seafood/udanggorengmentega.jpg', 'Udang Goreng Mentega', 'porsi');
INSERT INTO `menu` (`kode`, `kat`, `harga`, `gbr`, `nama`, `satuan`) VALUES('MNM028', 1, '9000', 'img/Minuman/Hotdrink/jerukhangat.jpg', 'Jeruk Hangat', 'porsi');
INSERT INTO `menu` (`kode`, `kat`, `harga`, `gbr`, `nama`, `satuan`) VALUES('MNM029', 1, '5000', 'img/Minuman/Hotdrink/kopi.jpg', 'Kopi', 'porsi');
INSERT INTO `menu` (`kode`, `kat`, `harga`, `gbr`, `nama`, `satuan`) VALUES('MNM030', 1, '6000', 'img/Minuman/Hotdrink/kopisusu.jpg', 'Kopi Susu', 'porsi');
INSERT INTO `menu` (`kode`, `kat`, `harga`, `gbr`, `nama`, `satuan`) VALUES('MNM031', 1, '8000', 'img/Minuman/Hotdrink/lemonteahangat.jpg', 'Lemon Tea Hangat', 'porsi');
INSERT INTO `menu` (`kode`, `kat`, `harga`, `gbr`, `nama`, `satuan`) VALUES('MNM032', 1, '4000', 'img/Minuman/Hotdrink/teahangat.jpg', 'Tea Hangat', 'porsi');
INSERT INTO `menu` (`kode`, `kat`, `harga`, `gbr`, `nama`, `satuan`) VALUES('MNM033', 3, '12000', 'img/Minuman/Juice/jusalpukat.jpg', 'Jus Alpukat', 'porsi');
INSERT INTO `menu` (`kode`, `kat`, `harga`, `gbr`, `nama`, `satuan`) VALUES('MNM034', 3, '10000', 'img/Minuman/Juice/jusbelimbing.jpg', 'Jus Belimbing', 'porsi');
INSERT INTO `menu` (`kode`, `kat`, `harga`, `gbr`, `nama`, `satuan`) VALUES('MNM035', 3, '12000', 'img/Minuman/Juice/jusjambu.jpg', 'Jus Jambu', 'porsi');
INSERT INTO `menu` (`kode`, `kat`, `harga`, `gbr`, `nama`, `satuan`) VALUES('MNM036', 3, '12000', 'img/Minuman/Juice/jusmangga.jpg', 'Jus Mangga', 'porsi');
INSERT INTO `menu` (`kode`, `kat`, `harga`, `gbr`, `nama`, `satuan`) VALUES('MNM037', 3, '10000', 'img/Minuman/Juice/jusmelon.jpg', 'Jus Melon', 'porsi');
INSERT INTO `menu` (`kode`, `kat`, `harga`, `gbr`, `nama`, `satuan`) VALUES('MNM038', 3, '10000', 'img/Minuman/Juice/juspepaya.jpg', 'Jus Pepaya', 'porsi');
INSERT INTO `menu` (`kode`, `kat`, `harga`, `gbr`, `nama`, `satuan`) VALUES('MNM039', 3, '10000', 'img/Minuman/Juice/jussemangka.jpg', 'Jus Semangka', 'porsi');
INSERT INTO `menu` (`kode`, `kat`, `harga`, `gbr`, `nama`, `satuan`) VALUES('MNM040', 3, '12000', 'img/Minuman/Juice/jussirsak.jpg', 'Jus Sirsak', 'porsi');
INSERT INTO `menu` (`kode`, `kat`, `harga`, `gbr`, `nama`, `satuan`) VALUES('MNM041', 3, '10000', 'img/Minuman/Juice/justomat.jpg', 'Jus Tomat', 'porsi');
INSERT INTO `menu` (`kode`, `kat`, `harga`, `gbr`, `nama`, `satuan`) VALUES('MNM042', 2, '5000', 'img/Minuman/SoftDrink/airmineral.jpg', 'Air Mineral', 'porsi');
INSERT INTO `menu` (`kode`, `kat`, `harga`, `gbr`, `nama`, `satuan`) VALUES('MNM043', 2, '10000', 'img/Minuman/SoftDrink/esblewah.jpg', 'Es Blewah', 'porsi');
INSERT INTO `menu` (`kode`, `kat`, `harga`, `gbr`, `nama`, `satuan`) VALUES('MNM044', 2, '9000', 'img/Minuman/SoftDrink/esdegan.jpg', 'Es Degan', 'porsi');
INSERT INTO `menu` (`kode`, `kat`, `harga`, `gbr`, `nama`, `satuan`) VALUES('MNM045', 2, '9000', 'img/Minuman/SoftDrink/esjeruk.jpg', 'Es Jeruk', 'porsi');
INSERT INTO `menu` (`kode`, `kat`, `harga`, `gbr`, `nama`, `satuan`) VALUES('MNM046', 2, '4000', 'img/Minuman/SoftDrink/estehmanis.jpg', 'Es Teh Manis', 'porsi');
INSERT INTO `menu` (`kode`, `kat`, `harga`, `gbr`, `nama`, `satuan`) VALUES('MNM047', 2, '8000', 'img/Minuman/SoftDrink/jeruknipis.jpg', 'Es Jeruk Nipis', 'porsi');
INSERT INTO `menu` (`kode`, `kat`, `harga`, `gbr`, `nama`, `satuan`) VALUES('MNM048', 2, '8000', 'img/Minuman/SoftDrink/lemontea.jpg', 'Es Lemon Tea', 'porsi');
INSERT INTO `menu` (`kode`, `kat`, `harga`, `gbr`, `nama`, `satuan`) VALUES('MNM049', 2, '16000', 'img/Minuman/SoftDrink/sodagembira.jpg', 'Soda Gembira', 'porsi');

INSERT INTO `karyawan` (`kode`, `pass`, `nama`, `almt`, `jab`, `mlebu`) VALUES('admin', 'adm', 'admin', '-', 'admin', false);
INSERT INTO `karyawan` (`kode`, `pass`, `nama`, `almt`, `jab`, `mlebu`) VALUES('dapur', 'dpr', 'koki', '-', 'koki', false);
INSERT INTO `karyawan` (`kode`, `pass`, `nama`, `almt`, `jab`, `mlebu`) VALUES('kasir', 'ksr', 'lobby', '-', 'teller', false);

INSERT INTO `meja` (`nomor`, `ket`) VALUES(1, '-');
INSERT INTO `meja` (`nomor`, `ket`) VALUES(2, '-');
INSERT INTO `meja` (`nomor`, `ket`) VALUES(3, '-');
INSERT INTO `meja` (`nomor`, `ket`) VALUES(4, '-');
INSERT INTO `meja` (`nomor`, `ket`) VALUES(5, '-');
INSERT INTO `meja` (`nomor`, `ket`) VALUES(6, '-');
INSERT INTO `meja` (`nomor`, `ket`) VALUES(7, '-');
INSERT INTO `meja` (`nomor`, `ket`) VALUES(8, '-');
INSERT INTO `meja` (`nomor`, `ket`) VALUES(9, '-');
INSERT INTO `meja` (`nomor`, `ket`) VALUES(10, '-');
INSERT INTO `meja` (`nomor`, `ket`) VALUES(11, '-');
INSERT INTO `meja` (`nomor`, `ket`) VALUES(12, '-');
INSERT INTO `meja` (`nomor`, `ket`) VALUES(13, '-');
INSERT INTO `meja` (`nomor`, `ket`) VALUES(14, '-');
INSERT INTO `meja` (`nomor`, `ket`) VALUES(15, '-');

INSERT INTO `persediaan` (`kode`, `nama`, `stok`, `satuan`) VALUES('air jeruk nipis', 'Air Jeruk Nipis', 100, 'butir');
INSERT INTO `persediaan` (`kode`, `nama`, `stok`, `satuan`) VALUES('air putih', 'Air Putih', 100, 'liter');
INSERT INTO `persediaan` (`kode`, `nama`, `stok`, `satuan`) VALUES('air sagu', 'Air Sagu', 10, 'liter');
INSERT INTO `persediaan` (`kode`, `nama`, `stok`, `satuan`) VALUES('asam jawa', 'Asam Jawa', 50, 'kg');
INSERT INTO `persediaan` (`kode`, `nama`, `stok`, `satuan`) VALUES('ayam1', 'Ayam ', 100, 'ekor');
INSERT INTO `persediaan` (`kode`, `nama`, `stok`, `satuan`) VALUES('bakso ikan', 'Bakso Ikan', 300, 'butir');
INSERT INTO `persediaan` (`kode`, `nama`, `stok`, `satuan`) VALUES('bawang bombay', 'Bawang Bombay', 200, 'buah');
INSERT INTO `persediaan` (`kode`, `nama`, `stok`, `satuan`) VALUES('bawang merah', 'Bawang Merah', 500, 'butir');
INSERT INTO `persediaan` (`kode`, `nama`, `stok`, `satuan`) VALUES('bawang putih', 'Bawang Putih', 500, 'siung');
INSERT INTO `persediaan` (`kode`, `nama`, `stok`, `satuan`) VALUES('bebek1', 'Bebek ', 500, 'ekor');
INSERT INTO `persediaan` (`kode`, `nama`, `stok`, `satuan`) VALUES('cabai hijau besar', 'Cabai Hijau Besar', 500, 'buah');
INSERT INTO `persediaan` (`kode`, `nama`, `stok`, `satuan`) VALUES('cabai merah besar', 'Cabai Merai Besar', 500, 'buah');
INSERT INTO `persediaan` (`kode`, `nama`, `stok`, `satuan`) VALUES('cabai rawit hijau', 'Cabai Rawit hijau', 200, 'buah');
INSERT INTO `persediaan` (`kode`, `nama`, `stok`, `satuan`) VALUES('cabai rawit merah', 'Cabai Rawit Merah', 200, 'buah');
INSERT INTO `persediaan` (`kode`, `nama`, `stok`, `satuan`) VALUES('cumi', 'Cumi', 100, 'ekor');
INSERT INTO `persediaan` (`kode`, `nama`, `stok`, `satuan`) VALUES('daging ayam', 'Daging Ayam', 500, 'kg');
INSERT INTO `persediaan` (`kode`, `nama`, `stok`, `satuan`) VALUES('daging sapi', 'Daging Sapi', 50, 'kg');
INSERT INTO `persediaan` (`kode`, `nama`, `stok`, `satuan`) VALUES('daun bawang', 'Daun Bawang', 300, 'batang');
INSERT INTO `persediaan` (`kode`, `nama`, `stok`, `satuan`) VALUES('daun jeruk', 'Daun Jeruk', 1000, 'lembar');
INSERT INTO `persediaan` (`kode`, `nama`, `stok`, `satuan`) VALUES('daun kol', 'Daun Kol', 100, 'lembar');
INSERT INTO `persediaan` (`kode`, `nama`, `stok`, `satuan`) VALUES('daun salam', 'Daun Salam', 1000, 'lembar');
INSERT INTO `persediaan` (`kode`, `nama`, `stok`, `satuan`) VALUES('es batu', 'Es Batu', 500, 'biji');
INSERT INTO `persediaan` (`kode`, `nama`, `stok`, `satuan`) VALUES('garam', 'Garam', 10, 'kg');
INSERT INTO `persediaan` (`kode`, `nama`, `stok`, `satuan`) VALUES('gula merah', 'Gula Merah', 30, 'kg');
INSERT INTO `persediaan` (`kode`, `nama`, `stok`, `satuan`) VALUES('gula pasir', 'Gula Pasir', 20, 'kg');
INSERT INTO `persediaan` (`kode`, `nama`, `stok`, `satuan`) VALUES('gurami', 'Gurami', 50, 'kg');
INSERT INTO `persediaan` (`kode`, `nama`, `stok`, `satuan`) VALUES('iga sapi', 'Iga Sapi', 50, 'kg');
INSERT INTO `persediaan` (`kode`, `nama`, `stok`, `satuan`) VALUES('jagung muda', 'Jagung Muda', 50, 'buah');
INSERT INTO `persediaan` (`kode`, `nama`, `stok`, `satuan`) VALUES('jahe', 'Jahe', 50, 'ruas');
INSERT INTO `persediaan` (`kode`, `nama`, `stok`, `satuan`) VALUES('kecap asin', 'Kecap Asin', 30, 'liter');
INSERT INTO `persediaan` (`kode`, `nama`, `stok`, `satuan`) VALUES('kecap manis', 'Kecap Manis', 50, 'liter');
INSERT INTO `persediaan` (`kode`, `nama`, `stok`, `satuan`) VALUES('kemiri', 'Kemiri', 100, 'butir');
INSERT INTO `persediaan` (`kode`, `nama`, `stok`, `satuan`) VALUES('ketumbar', 'ketumbar', 10, 'kg');
INSERT INTO `persediaan` (`kode`, `nama`, `stok`, `satuan`) VALUES('kunyit', 'Kunyit', 50, 'ruas');
INSERT INTO `persediaan` (`kode`, `nama`, `stok`, `satuan`) VALUES('lada bubuk', 'Lada Bubuk', 10, 'kg');
INSERT INTO `persediaan` (`kode`, `nama`, `stok`, `satuan`) VALUES('lemon', 'Lemon', 50, 'buah');
INSERT INTO `persediaan` (`kode`, `nama`, `stok`, `satuan`) VALUES('lengkuas', 'Lengkuas', 50, 'ruas');
INSERT INTO `persediaan` (`kode`, `nama`, `stok`, `satuan`) VALUES('madu', 'Madu', 2, 'liter');
INSERT INTO `persediaan` (`kode`, `nama`, `stok`, `satuan`) VALUES('merica bubuk', 'Merica Bubuk', 10, 'kg');
INSERT INTO `persediaan` (`kode`, `nama`, `stok`, `satuan`) VALUES('minyak goreng', 'Minyak Goreng', 100, 'liter');
INSERT INTO `persediaan` (`kode`, `nama`, `stok`, `satuan`) VALUES('pala bubuk', 'Pala Bubuk', 5, 'kg');
INSERT INTO `persediaan` (`kode`, `nama`, `stok`, `satuan`) VALUES('penyedap rasa ayam', 'Penyedap Rasa Ayam', 10, 'kg');
INSERT INTO `persediaan` (`kode`, `nama`, `stok`, `satuan`) VALUES('petai', 'Petai', 50, 'papan');
INSERT INTO `persediaan` (`kode`, `nama`, `stok`, `satuan`) VALUES('santan', 'Santan', 50, 'liter');
INSERT INTO `persediaan` (`kode`, `nama`, `stok`, `satuan`) VALUES('saus sambal pedas', 'Saus Sambal Pedas', 50, 'liter');
INSERT INTO `persediaan` (`kode`, `nama`, `stok`, `satuan`) VALUES('saus tiram', 'Saus Tiram', 30, 'liter');
INSERT INTO `persediaan` (`kode`, `nama`, `stok`, `satuan`) VALUES('saus tomat', 'Saus Tomat', 50, 'liter');
INSERT INTO `persediaan` (`kode`, `nama`, `stok`, `satuan`) VALUES('serai', 'Serai', 1000, 'batang');
INSERT INTO `persediaan` (`kode`, `nama`, `stok`, `satuan`) VALUES('sirup kental merah', 'Sirup Kental Merah', 5, 'liter');
INSERT INTO `persediaan` (`kode`, `nama`, `stok`, `satuan`) VALUES('soda', 'Soda', 100, 'botol');
INSERT INTO `persediaan` (`kode`, `nama`, `stok`, `satuan`) VALUES('susu kental', 'Susu Kental', 100, 'kaleng');
INSERT INTO `persediaan` (`kode`, `nama`, `stok`, `satuan`) VALUES('teh celup', 'Teh Celup', 200, 'biji');
INSERT INTO `persediaan` (`kode`, `nama`, `stok`, `satuan`) VALUES('tomat', 'Tomat', 100, 'buah');
INSERT INTO `persediaan` (`kode`, `nama`, `stok`, `satuan`) VALUES('udang', 'Udang', 200, 'ekor');
INSERT INTO `persediaan` (`kode`, `nama`, `stok`, `satuan`) VALUES('wortel', 'Wortel', 100, 'buah');

INSERT INTO `bahan` (`menu`, `bahan`, `qty`) VALUES('MKN001', 'ayam1', 0.25);
INSERT INTO `bahan` (`menu`, `bahan`, `qty`) VALUES('MKN001', 'serai', 2);
INSERT INTO `bahan` (`menu`, `bahan`, `qty`) VALUES('MKN001', 'daun salam', 4);
INSERT INTO `bahan` (`menu`, `bahan`, `qty`) VALUES('MKN001', 'asam jawa', 0.02);
INSERT INTO `bahan` (`menu`, `bahan`, `qty`) VALUES('MKN001', 'santan', 0.5);
INSERT INTO `bahan` (`menu`, `bahan`, `qty`) VALUES('MKN001', 'bawang merah', 10);
INSERT INTO `bahan` (`menu`, `bahan`, `qty`) VALUES('MKN001', 'bawang putih', 5);
INSERT INTO `bahan` (`menu`, `bahan`, `qty`) VALUES('MKN001', 'ketumbar', 0.02);
INSERT INTO `bahan` (`menu`, `bahan`, `qty`) VALUES('MKN001', 'kemiri', 5);
INSERT INTO `bahan` (`menu`, `bahan`, `qty`) VALUES('MKN001', 'merica bubuk', 0.002);
INSERT INTO `bahan` (`menu`, `bahan`, `qty`) VALUES('MKN001', 'kunyit', 1);
INSERT INTO `bahan` (`menu`, `bahan`, `qty`) VALUES('MKN001', 'lengkuas', 1);
INSERT INTO `bahan` (`menu`, `bahan`, `qty`) VALUES('MKN001', 'gula merah', 0.05);
INSERT INTO `bahan` (`menu`, `bahan`, `qty`) VALUES('MKN001', 'garam', 0.004);
INSERT INTO `bahan` (`menu`, `bahan`, `qty`) VALUES('MKN001', 'gula pasir', 0.01);
INSERT INTO `bahan` (`menu`, `bahan`, `qty`) VALUES('MKN001', 'kecap manis', 0.015);
INSERT INTO `bahan` (`menu`, `bahan`, `qty`) VALUES('MKN002', 'ayam1', 0.25);
INSERT INTO `bahan` (`menu`, `bahan`, `qty`) VALUES('MKN002', 'air jeruk nipis', 0.25);
INSERT INTO `bahan` (`menu`, `bahan`, `qty`) VALUES('MKN002', 'garam', 0.008);
INSERT INTO `bahan` (`menu`, `bahan`, `qty`) VALUES('MKN002', 'minyak goreng', 0.045);
INSERT INTO `bahan` (`menu`, `bahan`, `qty`) VALUES('MKN002', 'daun jeruk', 2);
INSERT INTO `bahan` (`menu`, `bahan`, `qty`) VALUES('MKN002', 'serai', 1);
INSERT INTO `bahan` (`menu`, `bahan`, `qty`) VALUES('MKN002', 'bawang putih', 5);
INSERT INTO `bahan` (`menu`, `bahan`, `qty`) VALUES('MKN002', 'cabai hijau besar', 10);
INSERT INTO `bahan` (`menu`, `bahan`, `qty`) VALUES('MKN002', 'cabai rawit hijau', 5);
INSERT INTO `bahan` (`menu`, `bahan`, `qty`) VALUES('MKN002', 'jahe', 2);
INSERT INTO `bahan` (`menu`, `bahan`, `qty`) VALUES('MKN002', 'kunyit', 2);
INSERT INTO `bahan` (`menu`, `bahan`, `qty`) VALUES('MKN002', 'kemiri', 3);
INSERT INTO `bahan` (`menu`, `bahan`, `qty`) VALUES('MKN002', 'garam', 0.004);
INSERT INTO `bahan` (`menu`, `bahan`, `qty`) VALUES('MKN002', 'gula pasir', 0.004);
INSERT INTO `bahan` (`menu`, `bahan`, `qty`) VALUES('MKN003', 'ayam1', 0.25);
INSERT INTO `bahan` (`menu`, `bahan`, `qty`) VALUES('MKN003', 'bawang merah', 3);
INSERT INTO `bahan` (`menu`, `bahan`, `qty`) VALUES('MKN003', 'bawang putih', 3);
INSERT INTO `bahan` (`menu`, `bahan`, `qty`) VALUES('MKN003', 'kemiri', 6);
INSERT INTO `bahan` (`menu`, `bahan`, `qty`) VALUES('MKN003', 'kunyit', 2);
INSERT INTO `bahan` (`menu`, `bahan`, `qty`) VALUES('MKN003', 'garam', 0.004);
INSERT INTO `bahan` (`menu`, `bahan`, `qty`) VALUES('MKN003', 'penyedap rasa ayam', 0.004);
INSERT INTO `bahan` (`menu`, `bahan`, `qty`) VALUES('MKN004', 'ayam1', 0.25);
INSERT INTO `bahan` (`menu`, `bahan`, `qty`) VALUES('MKN004', 'bawang merah', 12);
INSERT INTO `bahan` (`menu`, `bahan`, `qty`) VALUES('MKN004', 'bawang putih', 2);
INSERT INTO `bahan` (`menu`, `bahan`, `qty`) VALUES('MKN004', 'kecap manis', 0.15);
INSERT INTO `bahan` (`menu`, `bahan`, `qty`) VALUES('MKN004', 'jahe', 3);
INSERT INTO `bahan` (`menu`, `bahan`, `qty`) VALUES('MKN004', 'saus sambal pedas', 0.015);
INSERT INTO `bahan` (`menu`, `bahan`, `qty`) VALUES('MKN004', 'saus tomat', 0.03);
INSERT INTO `bahan` (`menu`, `bahan`, `qty`) VALUES('MKN004', 'lada bubuk', 0.004);
INSERT INTO `bahan` (`menu`, `bahan`, `qty`) VALUES('MKN004', 'garam', 0.01);
INSERT INTO `bahan` (`menu`, `bahan`, `qty`) VALUES('MKN004', 'air jeruk nipis', 1);
INSERT INTO `bahan` (`menu`, `bahan`, `qty`) VALUES('MKN004', 'air putih', 0.2);
INSERT INTO `bahan` (`menu`, `bahan`, `qty`) VALUES('MKN004', 'minyak goreng', 0.045);
INSERT INTO `bahan` (`menu`, `bahan`, `qty`) VALUES('MKN005', 'bebek1', 0.25);
INSERT INTO `bahan` (`menu`, `bahan`, `qty`) VALUES('MKN005', 'air jeruk nipis', 1);
INSERT INTO `bahan` (`menu`, `bahan`, `qty`) VALUES('MKN005', 'lengkuas', 2);
INSERT INTO `bahan` (`menu`, `bahan`, `qty`) VALUES('MKN005', 'serai', 1);
INSERT INTO `bahan` (`menu`, `bahan`, `qty`) VALUES('MKN005', 'daun jeruk', 3);
INSERT INTO `bahan` (`menu`, `bahan`, `qty`) VALUES('MKN005', 'kemiri', 3);
INSERT INTO `bahan` (`menu`, `bahan`, `qty`) VALUES('MKN005', 'ketumbar', 0.002);
INSERT INTO `bahan` (`menu`, `bahan`, `qty`) VALUES('MKN005', 'kunyit', 2);
INSERT INTO `bahan` (`menu`, `bahan`, `qty`) VALUES('MKN005', 'bawang putih', 3);
INSERT INTO `bahan` (`menu`, `bahan`, `qty`) VALUES('MKN005', 'bawang merah', 8);
INSERT INTO `bahan` (`menu`, `bahan`, `qty`) VALUES('MKN005', 'merica bubuk', 0.002);
INSERT INTO `bahan` (`menu`, `bahan`, `qty`) VALUES('MKN005', 'gula pasir', 0.004);
INSERT INTO `bahan` (`menu`, `bahan`, `qty`) VALUES('MKN005', 'garam', 0.004);
INSERT INTO `bahan` (`menu`, `bahan`, `qty`) VALUES('MKN005', 'penyedap rasa ayam', 0.004);
INSERT INTO `bahan` (`menu`, `bahan`, `qty`) VALUES('MKN006', 'wortel', 1);
INSERT INTO `bahan` (`menu`, `bahan`, `qty`) VALUES('MKN006', 'daun kol', 2);
INSERT INTO `bahan` (`menu`, `bahan`, `qty`) VALUES('MKN006', 'jagung muda', 5);
INSERT INTO `bahan` (`menu`, `bahan`, `qty`) VALUES('MKN006', 'daun bawang', 2);
INSERT INTO `bahan` (`menu`, `bahan`, `qty`) VALUES('MKN006', 'bakso ikan', 5);
INSERT INTO `bahan` (`menu`, `bahan`, `qty`) VALUES('MKN006', 'udang', 0.08);
INSERT INTO `bahan` (`menu`, `bahan`, `qty`) VALUES('MKN006', 'cumi', 0.02);
INSERT INTO `bahan` (`menu`, `bahan`, `qty`) VALUES('MKN006', 'bawang putih', 3);
INSERT INTO `bahan` (`menu`, `bahan`, `qty`) VALUES('MKN006', 'kecap asin', 0.03);
INSERT INTO `bahan` (`menu`, `bahan`, `qty`) VALUES('MKN006', 'saus tiram', 0.015);
INSERT INTO `bahan` (`menu`, `bahan`, `qty`) VALUES('MKN006', 'air putih', 0.3);
INSERT INTO `bahan` (`menu`, `bahan`, `qty`) VALUES('MKN006', 'air sagu', 0.015);
INSERT INTO `bahan` (`menu`, `bahan`, `qty`) VALUES('MKN006', 'garam', 0.004);
INSERT INTO `bahan` (`menu`, `bahan`, `qty`) VALUES('MKN006', 'merica bubuk', 0.004);
INSERT INTO `bahan` (`menu`, `bahan`, `qty`) VALUES('MKN006', 'gula pasir', 0.004);
INSERT INTO `bahan` (`menu`, `bahan`, `qty`) VALUES('MKN002', 'bawang merah', 8);
INSERT INTO `bahan` (`menu`, `bahan`, `qty`) VALUES('MKN007', 'daging sapi', 0.5);
INSERT INTO `bahan` (`menu`, `bahan`, `qty`) VALUES('MKN007', 'daun salam', 3);
INSERT INTO `bahan` (`menu`, `bahan`, `qty`) VALUES('MKN007', 'asam jawa', 0.002);
INSERT INTO `bahan` (`menu`, `bahan`, `qty`) VALUES('MKN007', 'santan', 0.7);
INSERT INTO `bahan` (`menu`, `bahan`, `qty`) VALUES('MKN007', 'air putih', 0.05);
INSERT INTO `bahan` (`menu`, `bahan`, `qty`) VALUES('MKN007', 'minyak goreng', 0.045);
INSERT INTO `bahan` (`menu`, `bahan`, `qty`) VALUES('MKN007', 'bawang merah', 10);
INSERT INTO `bahan` (`menu`, `bahan`, `qty`) VALUES('MKN007', 'bawang putih', 3);
INSERT INTO `bahan` (`menu`, `bahan`, `qty`) VALUES('MKN007', 'ketumbar', 0.008);
INSERT INTO `bahan` (`menu`, `bahan`, `qty`) VALUES('MKN007', 'lengkuas', 2);
INSERT INTO `bahan` (`menu`, `bahan`, `qty`) VALUES('MKN007', 'garam', 0.002);
INSERT INTO `bahan` (`menu`, `bahan`, `qty`) VALUES('MKN007', 'gula merah', 0.008);
INSERT INTO `bahan` (`menu`, `bahan`, `qty`) VALUES('MKN007', 'serai', 1);
INSERT INTO `bahan` (`menu`, `bahan`, `qty`) VALUES('MKN008', 'gurami', 1);
INSERT INTO `bahan` (`menu`, `bahan`, `qty`) VALUES('MKN008', 'kemiri', 8);
INSERT INTO `bahan` (`menu`, `bahan`, `qty`) VALUES('MKN008', 'kunyit', 1);
INSERT INTO `bahan` (`menu`, `bahan`, `qty`) VALUES('MKN008', 'bawang merah', 6);
INSERT INTO `bahan` (`menu`, `bahan`, `qty`) VALUES('MKN008', 'bawang putih', 3);
INSERT INTO `bahan` (`menu`, `bahan`, `qty`) VALUES('MKN008', 'cabai rawit merah', 4);
INSERT INTO `bahan` (`menu`, `bahan`, `qty`) VALUES('MKN008', 'garam', 0.004);
INSERT INTO `bahan` (`menu`, `bahan`, `qty`) VALUES('MKN008', 'merica bubuk', 0.004);
INSERT INTO `bahan` (`menu`, `bahan`, `qty`) VALUES('MKN008', 'air jeruk nipis', 2);
INSERT INTO `bahan` (`menu`, `bahan`, `qty`) VALUES('MKN008', 'tomat', 1);
INSERT INTO `bahan` (`menu`, `bahan`, `qty`) VALUES('MKN009', 'bawang putih', 6);
INSERT INTO `bahan` (`menu`, `bahan`, `qty`) VALUES('MKN009', 'iga sapi', 1.5);
INSERT INTO `bahan` (`menu`, `bahan`, `qty`) VALUES('MKN009', 'bawang bombay', 1);
INSERT INTO `bahan` (`menu`, `bahan`, `qty`) VALUES('MKN009', 'jahe', 3);
INSERT INTO `bahan` (`menu`, `bahan`, `qty`) VALUES('MKN009', 'kecap manis', 0.03);
INSERT INTO `bahan` (`menu`, `bahan`, `qty`) VALUES('MKN009', 'madu', 0.03);
INSERT INTO `bahan` (`menu`, `bahan`, `qty`) VALUES('MKN009', 'saus tiram', 0.03);
INSERT INTO `bahan` (`menu`, `bahan`, `qty`) VALUES('MKN009', 'garam', 0.002);
INSERT INTO `bahan` (`menu`, `bahan`, `qty`) VALUES('MKN009', 'merica bubuk', 0.002);
INSERT INTO `bahan` (`menu`, `bahan`, `qty`) VALUES('MKN009', 'pala bubuk', 0.002);
INSERT INTO `bahan` (`menu`, `bahan`, `qty`) VALUES('MKN009', 'air putih', 1.5);
INSERT INTO `bahan` (`menu`, `bahan`, `qty`) VALUES('MKN009', 'minyak goreng', 0.09);
INSERT INTO `bahan` (`menu`, `bahan`, `qty`) VALUES('MKN018', 'minyak goreng', 0.09);
INSERT INTO `bahan` (`menu`, `bahan`, `qty`) VALUES('MKN018', 'tomat', 2);
INSERT INTO `bahan` (`menu`, `bahan`, `qty`) VALUES('MKN018', 'petai', 1);
INSERT INTO `bahan` (`menu`, `bahan`, `qty`) VALUES('MKN018', 'garam', 0.002);
INSERT INTO `bahan` (`menu`, `bahan`, `qty`) VALUES('MKN018', 'penyedap rasa ayam', 0.001);
INSERT INTO `bahan` (`menu`, `bahan`, `qty`) VALUES('MKN018', 'cabai rawit merah', 15);
INSERT INTO `bahan` (`menu`, `bahan`, `qty`) VALUES('MKN018', 'cabai merah besar', 2);
INSERT INTO `bahan` (`menu`, `bahan`, `qty`) VALUES('MKN018', 'merica bubuk', 0.001);
INSERT INTO `bahan` (`menu`, `bahan`, `qty`) VALUES('MKN018', 'gula pasir', 0.004);
INSERT INTO `bahan` (`menu`, `bahan`, `qty`) VALUES('MKN018', 'bawang merah', 4);
INSERT INTO `bahan` (`menu`, `bahan`, `qty`) VALUES('MKN018', 'bawang putih', 4);
INSERT INTO `bahan` (`menu`, `bahan`, `qty`) VALUES('MKN018', 'air putih', 0.1);
INSERT INTO `bahan` (`menu`, `bahan`, `qty`) VALUES('MNM049', 'soda', 1);
INSERT INTO `bahan` (`menu`, `bahan`, `qty`) VALUES('MNM049', 'susu kental', 0.5);
INSERT INTO `bahan` (`menu`, `bahan`, `qty`) VALUES('MNM049', 'sirup kental merah', 0.15);
INSERT INTO `bahan` (`menu`, `bahan`, `qty`) VALUES('MNM049', 'es batu', 6);
